{
  "chart": {
    "title": "Sex gap in life expectancy",
    "subtitle": "Difference between female and male [life expectancy](#dod:period-life-expectancy) at birth. Positive values indicate higher female life expectancy; negative values indicate higher male life expectancy.",
    "citation": "Human Mortality Database (2025); UN, World Population Prospects (2024)",
    "originalChartUrl": "https://ourworldindata.org/grapher/difference-in-female-and-male-life-expectancy-at-birth?v=1&csvType=full&useColumnShortNames=false",
    "selection": [
      "France",
      "United States",
      "Sweden",
      "Japan",
      "China",
      "Nigeria",
      "Italy",
      "India"
    ]
  },
  "columns": {
    "Life expectancy difference (f-m) - Age: 0 - Type: period": {
      "titleShort": "Life expectancy at birth",
      "titleLong": "Life expectancy at birth - HMD – female-male difference, period tables",
      "descriptionShort": "The difference in period life expectancy (females - males) at a given age.",
      "descriptionKey": [
        "Higher values indicate longer life expectancy among females than males.",
        "Period life expectancy is a metric that summarizes death rates across all age groups in one particular year.",
        "For a given year, it represents the average lifespan for a hypothetical group of people, if they experienced the same age-specific death rates throughout their whole lives as the age-specific death rates seen in that particular year.",
        "Prior to 1950, we use HMD (2025) data. From 1950 onwards, we use UN WPP (2024) data."
      ],
      "shortUnit": "years",
      "unit": "years",
      "timespan": "1751-2023",
      "type": "Numeric",
      "owidVariableId": 1118415,
      "shortName": "life_expectancy_fm_diff__age_0__type_period",
      "lastUpdated": "2025-10-22",
      "nextUpdate": "2026-10-22",
      "citationShort": "Human Mortality Database (2025); UN, World Population Prospects (2024) – with major processing by Our World in Data",
      "citationLong": "Human Mortality Database (2025); UN, World Population Prospects (2024) – with major processing by Our World in Data. “Life expectancy at birth – HMD – female-male difference, period tables” [dataset]. Human Mortality Database, “Human Mortality Database”; United Nations, “World Population Prospects” [original data].",
      "fullMetadata": "https://api.ourworldindata.org/v1/indicators/1118415.metadata.json"
    }
  },
  "dateDownloaded": "2025-12-03",
  "activeFilters": {}
}