{
  "chart": {
    "title": "Life expectancy by sex",
    "subtitle": "The [period life expectancy](#dod:period-life-expectancy) at birth, in a given year.",
    "citation": "Human Mortality Database (2025); UN, World Population Prospects (2024)",
    "originalChartUrl": "https://ourworldindata.org/grapher/life-expectation-at-birth-by-sex?v=1&csvType=full&useColumnShortNames=false",
    "selection": [
      "World"
    ]
  },
  "columns": {
    "Period life expectancy - Sex: female - Age: 0": {
      "titleShort": "Life expectancy at birth",
      "titleLong": "Life expectancy at birth - HMD, UN WPP – females, period tables",
      "descriptionShort": "The period life expectancy at birth among females, in a given year.",
      "descriptionKey": [
        "Period life expectancy is a metric that summarizes death rates across all age groups in one particular year.",
        "For a given year, it represents the remaining average lifespan for a hypothetical group of people, if they experienced the same age-specific death rates throughout the rest of their lives as the age-specific death rates seen in that particular year.",
        "Prior to 1950, we use Human Mortality Database (2025) data. From 1950 onwards, we use United Nations World Population Prospects (2024) data."
      ],
      "shortUnit": "years",
      "unit": "years",
      "timespan": "1751-2023",
      "type": "Numeric",
      "owidVariableId": 1118420,
      "shortName": "life_expectancy__sex_female__age_0",
      "lastUpdated": "2025-10-22",
      "nextUpdate": "2026-10-22",
      "citationShort": "Human Mortality Database (2025); UN, World Population Prospects (2024) – with major processing by Our World in Data",
      "citationLong": "Human Mortality Database (2025); UN, World Population Prospects (2024) – with major processing by Our World in Data. “Life expectancy at birth – HMD, UN WPP – females, period tables” [dataset]. Human Mortality Database, “Human Mortality Database”; United Nations, “World Population Prospects” [original data].",
      "fullMetadata": "https://api.ourworldindata.org/v1/indicators/1118420.metadata.json"
    },
    "Period life expectancy - Sex: male - Age: 0": {
      "titleShort": "Life expectancy at birth",
      "titleLong": "Life expectancy at birth - HMD, UN WPP – males, period tables",
      "descriptionShort": "The period life expectancy at birth among males, in a given year.",
      "descriptionKey": [
        "Period life expectancy is a metric that summarizes death rates across all age groups in one particular year.",
        "For a given year, it represents the remaining average lifespan for a hypothetical group of people, if they experienced the same age-specific death rates throughout the rest of their lives as the age-specific death rates seen in that particular year.",
        "Prior to 1950, we use Human Mortality Database (2025) data. From 1950 onwards, we use United Nations World Population Prospects (2024) data."
      ],
      "shortUnit": "years",
      "unit": "years",
      "timespan": "1751-2023",
      "type": "Numeric",
      "owidVariableId": 1118432,
      "shortName": "life_expectancy__sex_male__age_0",
      "lastUpdated": "2025-10-22",
      "nextUpdate": "2026-10-22",
      "citationShort": "Human Mortality Database (2025); UN, World Population Prospects (2024) – with major processing by Our World in Data",
      "citationLong": "Human Mortality Database (2025); UN, World Population Prospects (2024) – with major processing by Our World in Data. “Life expectancy at birth – HMD, UN WPP – males, period tables” [dataset]. Human Mortality Database, “Human Mortality Database”; United Nations, “World Population Prospects” [original data].",
      "fullMetadata": "https://api.ourworldindata.org/v1/indicators/1118432.metadata.json"
    }
  },
  "dateDownloaded": "2025-12-16",
  "activeFilters": {}
}